<student>
 <information>
 <Name>ABC</Name>
 <Email>abc01@gmail.com</Email>
 <Gender>Female</Gender>
 <PhoneNo>8200592921</PhoneNo>
 </information>
 <information>
 <Name>PQR</Name>
 <Email>pqr22@gmail.com</Email>
 <Gender>Male</Gender>
 <PhoneNo>9225492921</PhoneNo>
 </information>
 <information>
 <Name>STR</Name>
 <Email>str45@gmail.com</Email>
 <Gender>Female</Gender>
 <PhoneNo>8469920279</PhoneNo>
 </information>
 <information>
 <Name>XYZ</Name>
 <Email>xyz78@gmail.com</Email>
 <Gender>Male</Gender>
 <PhoneNo>9876512340</PhoneNo>
 </information>
</student>
